web-scraper-order,web-scraper-start-url,pic-src,name,price
"1629533040-4479","https://www.flightclub.com/air-jordans/air-jordan-2?page=4","https://cdn.flightclub.com/750/TEMPLATE/011396/1.jpg","Air Jordan 2 Retro GS","Out of stock"
"1629533042-4497","https://www.flightclub.com/air-jordans/air-jordan-2?page=3","https://cdn.flightclub.com/placeholders/dash.png?w=360","Just Don x Air Jordan 2 Retro 'Beach' Sam…ple","$1300+"
"1629533047-4584","https://www.flightclub.com/air-jordans/air-jordan-2?page=1","https://cdn.flightclub.com/750/TEMPLATE/011132/1.jpg","Air Jordan 2 Retro '25th Anniversary'","$325+"
"1629533040-4495","https://www.flightclub.com/air-jordans/air-jordan-2?page=4","https://cdn.flightclub.com/750/TEMPLATE/010404/1.jpg","Air Jordan 2 Retro Gs","Out of stock"
"1629533040-4493","https://www.flightclub.com/air-jordans/air-jordan-2?page=4","https://cdn.flightclub.com/750/TEMPLATE/010658/1.jpg","Jordan 2 Retro Ps","Out of stock"
"1629533042-4523","https://www.flightclub.com/air-jordans/air-jordan-2?page=3","https://cdn.flightclub.com/750/TEMPLATE/011293/1.jpg","Air Jordan 2 Retro Gs 'Violette'","Out of stock"
"1629533040-4478","https://www.flightclub.com/air-jordans/air-jordan-2?page=4","https://cdn.flightclub.com/750/TEMPLATE/011485/1.jpg","Air Jordan 2 Retro Low Gs","Out of stock"
"1629533040-4484","https://www.flightclub.com/air-jordans/air-jordan-2?page=4","https://cdn.flightclub.com/750/TEMPLATE/010645/1.jpg","Jordan 2 Retro Low Ps","Out of stock"
"1629533042-4511","https://www.flightclub.com/air-jordans/air-jordan-2?page=3","https://cdn.flightclub.com/placeholders/dash.png?w=360","Air Jordan 2 Low OG 'Chicago' 1986","Out of stock"
"1629533047-4581","https://www.flightclub.com/air-jordans/air-jordan-2?page=1","https://cdn.flightclub.com/750/TEMPLATE/801403/1.jpg","Air Jordan 2 Retro Deconstructed 'Tri…ple Black'","$110+"
"1629533042-4514","https://www.flightclub.com/air-jordans/air-jordan-2?page=3","https://cdn.flightclub.com/placeholders/dash.png?w=360","Air Jordan 2 Low OG 'White Red' 1986","Out of stock"
"1629533045-4528","https://www.flightclub.com/air-jordans/air-jordan-2?page=2","https://cdn.flightclub.com/750/TEMPLATE/011324/1.jpg","Air Jordan 2 Retro QF 'Candy Yellow'","$575+"
"1629533042-4507","https://www.flightclub.com/air-jordans/air-jordan-2?page=3","https://cdn.flightclub.com/placeholders/dash.png?w=360","Jordan Flight Origin 2 GS 'Bred'","$69+"
"1629533042-4516","https://www.flightclub.com/air-jordans/air-jordan-2?page=3","https://cdn.flightclub.com/placeholders/dash.png?w=360","Air Jordan 2 OG 'Chicago' 1986","Out of stock"
"1629533045-4542","https://www.flightclub.com/air-jordans/air-jordan-2?page=2","https://cdn.flightclub.com/750/TEMPLATE/011940/1.jpg","Air Jordan 2 Retro BG 'White Varsity'","$149+"
"1629533045-4534","https://www.flightclub.com/air-jordans/air-jordan-2?page=2","https://cdn.flightclub.com/750/TEMPLATE/801040/1.jpg","Just Don x Air Jordan 2 Retro 'Arctic Ora…nge'","$2149+"
"1629533040-4490","https://www.flightclub.com/air-jordans/air-jordan-2?page=4","https://cdn.flightclub.com/750/TEMPLATE/010728/1.jpg","Jordan 2 Retro Td","Out of stock"
"1629533042-4517","https://www.flightclub.com/air-jordans/air-jordan-2?page=3","https://cdn.flightclub.com/750/TEMPLATE/010222/1.jpg","Nu' Retro Air Jordan 2 'Black Chrome'","Out of stock"
"1629533045-4550","https://www.flightclub.com/air-jordans/air-jordan-2?page=2","https://cdn.flightclub.com/placeholders/dash.png?w=360","Air Jordan 2.0","$240+"
"1629533042-4512","https://www.flightclub.com/air-jordans/air-jordan-2?page=3","https://cdn.flightclub.com/750/TEMPLATE/010280/1.jpg","Air Jordan 2 Retro GS","Out of stock"
"1629533047-4573","https://www.flightclub.com/air-jordans/air-jordan-2?page=1","https://cdn.flightclub.com/750/TEMPLATE/010016/1.jpg","Air Jordan 2 Retro Low 'White Varsity R…ed'","$180+"
"1629533042-4522","https://www.flightclub.com/air-jordans/air-jordan-2?page=3","https://cdn.flightclub.com/750/TEMPLATE/011472/1.jpg","Air Jordan 2 Retro Qf","Out of stock"
"1629533047-4559","https://www.flightclub.com/air-jordans/air-jordan-2?page=1","https://cdn.flightclub.com/placeholders/dash.png?w=360","Off-White x Air Jordan 2 Retro Low SP","$1099+"
"1629533045-4540","https://www.flightclub.com/air-jordans/air-jordan-2?page=2","https://cdn.flightclub.com/750/TEMPLATE/011903/1.jpg","Air Jordan 2 Retro BG 'Infrared 23'","$80+"
"1629533047-4566","https://www.flightclub.com/air-jordans/air-jordan-2?page=1","https://cdn.flightclub.com/750/TEMPLATE/012150/1.jpg","Just Don x Air Jordan 2 Retro 'Varsity Roy…al'","$634+"
"1629533042-4501","https://www.flightclub.com/air-jordans/air-jordan-2?page=3","https://cdn.flightclub.com/750/TEMPLATE/011487/1.jpg","Air Jordan 2.0","$385+"
"1629533045-4527","https://www.flightclub.com/air-jordans/air-jordan-2?page=2","https://cdn.flightclub.com/750/TEMPLATE/011320/1.jpg","Air Jordan 2 Retro QF 'Black White'","$120+"
"1629533047-4577","https://www.flightclub.com/air-jordans/air-jordan-2?page=1","https://cdn.flightclub.com/750/TEMPLATE/144501/1.jpg","Converse x Air Jordan 2 Retro 'Alumni'","$475+"
"1629533042-4515","https://www.flightclub.com/air-jordans/air-jordan-2?page=3","https://cdn.flightclub.com/750/TEMPLATE/011412/1.jpg","Air Jordan 2.0 'White Varsity Red'","Out of stock"
"1629533042-4524","https://www.flightclub.com/air-jordans/air-jordan-2?page=3","https://cdn.flightclub.com/placeholders/dash.png?w=360","Nu Retro Air Jordan 2 GS 'White Varsity Red'","Out of stock"
"1629533040-4486","https://www.flightclub.com/air-jordans/air-jordan-2?page=4","https://cdn.flightclub.com/placeholders/dash.png?w=360","Air Jordan 2 Retro Premio 'Bin23' Sample","Out of stock"
"1629533047-4560","https://www.flightclub.com/air-jordans/air-jordan-2?page=1","https://cdn.flightclub.com/750/TEMPLATE/012469/1.jpg","Air Jordan 2 Retro Low 'Midnight Navy'","$223+"
"1629533042-4500","https://www.flightclub.com/air-jordans/air-jordan-2?page=3","https://cdn.flightclub.com/750/TEMPLATE/801094/1.jpg","Air Jordan 2 Retro Deconstructed 'Min…eral Gold'","$220+"
"1629533042-4513","https://www.flightclub.com/air-jordans/air-jordan-2?page=3","https://cdn.flightclub.com/750/TEMPLATE/010543/1.jpg","Air Jordan 2 Retro 3/4 'Mike Bibby' PE","Out of stock"
"1629533042-4505","https://www.flightclub.com/air-jordans/air-jordan-2?page=3","https://cdn.flightclub.com/750/TEMPLATE/012032/1.jpg","Jordan 2 Retro BP","$125+"
"1629533045-4538","https://www.flightclub.com/air-jordans/air-jordan-2?page=2","https://cdn.flightclub.com/750/TEMPLATE/011323/1.jpg","Air Jordan 2 Retro QF 'Candy Green'","$365+"
"1629533045-4546","https://www.flightclub.com/air-jordans/air-jordan-2?page=2","https://cdn.flightclub.com/750/TEMPLATE/010013/1.jpg","Air Jordan 2 Retro Low","$300+"
"1629533047-4580","https://www.flightclub.com/air-jordans/air-jordan-2?page=1","https://cdn.flightclub.com/750/TEMPLATE/010018/1.jpg","Air Jordan 2 Retro 'Carmelo' 2004","$209+"
"1629533042-4518","https://www.flightclub.com/air-jordans/air-jordan-2?page=3","https://cdn.flightclub.com/placeholders/dash.png?w=360","Air Jordan 2.0 GS 'Gucci'","Out of stock"
"1629533042-4519","https://www.flightclub.com/air-jordans/air-jordan-2?page=3","https://cdn.flightclub.com/placeholders/dash.png?w=360","Air Jordan 2 OG 'White Red' 1986","Out of stock"
"1629533047-4582","https://www.flightclub.com/air-jordans/air-jordan-2?page=1","https://cdn.flightclub.com/750/TEMPLATE/801382/1.jpg","Air Jordan 2 Retro Deconstructed 'Th…under Blue'","$150+"
"1629533047-4570","https://www.flightclub.com/air-jordans/air-jordan-2?page=1","https://cdn.flightclub.com/750/TEMPLATE/011915/1.jpg","Air Jordan 2 Retro 'Concord'","$250+"
"1629533047-4585","https://www.flightclub.com/air-jordans/air-jordan-2?page=1","https://cdn.flightclub.com/750/TEMPLATE/800974/1.jpg","Just Don x Air Jordan 2 Retro GG 'Arctic O…range'","$278+"
"1629533040-4477","https://www.flightclub.com/air-jordans/air-jordan-2?page=4","https://cdn.flightclub.com/750/TEMPLATE/011782/1.jpg","Air Jordan 2 Retro 'Michael Finley Pe'","Out of stock"
"1629533040-4481","https://www.flightclub.com/air-jordans/air-jordan-2?page=4","https://cdn.flightclub.com/750/TEMPLATE/010821/1.jpg","Air Jordan 2 Pe 'Juwan Howard'","Out of stock"
"1629533042-4506","https://www.flightclub.com/air-jordans/air-jordan-2?page=3","https://cdn.flightclub.com/placeholders/dash.png?w=360","Just Don x Air Jordan 2 Retro GS 'Beach' S…ample","$500+"
"1629533040-4483","https://www.flightclub.com/air-jordans/air-jordan-2?page=4","https://cdn.flightclub.com/750/TEMPLATE/010308/1.jpg","Air Jordan 2 Retro PS","Out of stock"
"1629533045-4532","https://www.flightclub.com/air-jordans/air-jordan-2?page=2","https://cdn.flightclub.com/750/TEMPLATE/215595/1.jpg","Air Jordan 2 Retro 'Eminem' Sample","$4999+"
"1629533045-4547","https://www.flightclub.com/air-jordans/air-jordan-2?page=2","https://cdn.flightclub.com/750/TEMPLATE/011916/1.jpg","Air Jordan 2 Retro BG 'Concord'","$90+"
"1629533047-4557","https://www.flightclub.com/air-jordans/air-jordan-2?page=1","https://cdn.flightclub.com/750/TEMPLATE/012432/1.jpg","Air Jordan 2 Retro Low 'Chicago'","$190+"
"1629533047-4578","https://www.flightclub.com/air-jordans/air-jordan-2?page=1","https://cdn.flightclub.com/750/TEMPLATE/011937/1.jpg","Air Jordan 2 Retro 'Iron Purple'","$385+"
"1629533045-4549","https://www.flightclub.com/air-jordans/air-jordan-2?page=2","https://cdn.flightclub.com/750/TEMPLATE/149823/1.jpg","Air Jordan 2 Retro Low GS 'Pure Money'","$250+"
"1629533042-4504","https://www.flightclub.com/air-jordans/air-jordan-2?page=3","https://cdn.flightclub.com/750/TEMPLATE/801113/1.jpg","Just Don x Air Jordan 2 Retro PS 'Arctic O…range'","$300+"
"1629533045-4529","https://www.flightclub.com/air-jordans/air-jordan-2?page=2","https://cdn.flightclub.com/750/TEMPLATE/801381/1.jpg","Air Jordan 2 Retro Deconstructed 'Sail'","$180+"
"1629533045-4548","https://www.flightclub.com/air-jordans/air-jordan-2?page=2","https://cdn.flightclub.com/750/TEMPLATE/011228/1.jpg","Air Jordan 2 Retro GS 'White Varsity Red' 2…010","$225+"
"1629533045-4552","https://www.flightclub.com/air-jordans/air-jordan-2?page=2","https://cdn.flightclub.com/750/TEMPLATE/801091/1.jpg","Air Jordan 2 Retro Deconstructed 'Min…t Foam'","$220+"
"1629533042-4509","https://www.flightclub.com/air-jordans/air-jordan-2?page=3","https://cdn.flightclub.com/placeholders/dash.png?w=360","Air Jordan 2 Retro BP 'Alternate 87'","$118+"
"1629533042-4520","https://www.flightclub.com/air-jordans/air-jordan-2?page=3","https://cdn.flightclub.com/750/TEMPLATE/010141/1.jpg","Air Jordan 2","Out of stock"
"1629533047-4563","https://www.flightclub.com/air-jordans/air-jordan-2?page=1","https://cdn.flightclub.com/750/TEMPLATE/806864/1.jpg","Air Jordan 2 Retro 'Black History Mon…th' 2019","$139+"
"1629533042-4498","https://www.flightclub.com/air-jordans/air-jordan-2?page=3","https://cdn.flightclub.com/750/TEMPLATE/149882/1.jpg","Air Jordan 2 Retro BT 'White Varsity Red'","$100+"
"1629533045-4533","https://www.flightclub.com/air-jordans/air-jordan-2?page=2","https://cdn.flightclub.com/750/TEMPLATE/011918/1.jpg","Air Jordan 2 Retro 'Nightshade'","$195+"
"1629533045-4526","https://www.flightclub.com/air-jordans/air-jordan-2?page=2","https://cdn.flightclub.com/750/TEMPLATE/010626/1.jpg","Air Jordan 2 High 'Doernbecher'","$900+"
"1629533047-4561","https://www.flightclub.com/air-jordans/air-jordan-2?page=1","https://cdn.flightclub.com/750/TEMPLATE/012357/1.jpg","Just Don x Air Jordan 2 Retro 'Beach'","$650+"
"1629533047-4576","https://www.flightclub.com/air-jordans/air-jordan-2?page=1","https://cdn.flightclub.com/750/TEMPLATE/012384/1.jpg","Air Jordan 2 Retro BG 'Alternate 87'","$93+"
"1629533040-4489","https://www.flightclub.com/air-jordans/air-jordan-2?page=4","https://cdn.flightclub.com/750/TEMPLATE/198198/1.jpg","Just Don x Air Jordan 2 Retro GG 'Arctic O…range' Sample","Out of stock"
"1629533045-4545","https://www.flightclub.com/air-jordans/air-jordan-2?page=2","https://cdn.flightclub.com/750/TEMPLATE/012484/1.jpg","Air Jordan 2 Retro BG 'Quai 54'","$85+"
"1629533040-4491","https://www.flightclub.com/air-jordans/air-jordan-2?page=4","https://cdn.flightclub.com/placeholders/dash.png?w=360","Air Jordan 2 Retro BT 'Concord'","Out of stock"
"1629533045-4537","https://www.flightclub.com/air-jordans/air-jordan-2?page=2","https://cdn.flightclub.com/750/TEMPLATE/010015/1.jpg","Air Jordan 2 Retro 'Black Chrome' 2004","$510+"
"1629533045-4536","https://www.flightclub.com/air-jordans/air-jordan-2?page=2","https://cdn.flightclub.com/placeholders/dash.png?w=360","Just Don x Air Jordan 2 Retro 'Don C' Samp…le","$725+"
"1629533047-4572","https://www.flightclub.com/air-jordans/air-jordan-2?page=1","https://cdn.flightclub.com/750/TEMPLATE/012358/1.jpg","Air Jordan 2 Retro 'Radio Raheem'","$75+"
"1629533042-4525","https://www.flightclub.com/air-jordans/air-jordan-2?page=3","https://cdn.flightclub.com/750/TEMPLATE/010739/1.jpg","Air Jordan 2 Retro GS 'Countdown Pack'","Out of stock"
"1629533045-4543","https://www.flightclub.com/air-jordans/air-jordan-2?page=2","https://cdn.flightclub.com/750/TEMPLATE/011204/1.jpg","Air Jordan 2 Retro Premio 'Bin23'","$1150+"
"1629533047-4574","https://www.flightclub.com/air-jordans/air-jordan-2?page=1","https://cdn.flightclub.com/750/TEMPLATE/010955/1.jpg","Air Jordan 2 Retro 'Eminem'","$3810+"
"1629533047-4562","https://www.flightclub.com/air-jordans/air-jordan-2?page=1","https://cdn.flightclub.com/750/TEMPLATE/010017/1.jpg","Air Jordan 2 Retro Low 'Midnight Navy'","$220+"
"1629533047-4558","https://www.flightclub.com/air-jordans/air-jordan-2?page=1","https://cdn.flightclub.com/750/TEMPLATE/804100/1.jpg","Air Jordan 2 Retro 'Melo' 2018","$273+"
"1629533047-4569","https://www.flightclub.com/air-jordans/air-jordan-2?page=1","https://cdn.flightclub.com/750/TEMPLATE/012392/1.jpg","Air Jordan 2 Retro 'Wing It'","$225+"
"1629533045-4531","https://www.flightclub.com/air-jordans/air-jordan-2?page=2","https://cdn.flightclub.com/750/TEMPLATE/010714/1.jpg","Air Jordan 2 Retro 'Countdown Pack'","$567+"
"1629533040-4492","https://www.flightclub.com/air-jordans/air-jordan-2?page=4","https://cdn.flightclub.com/750/TEMPLATE/011505/1.jpg","Jordan 2 Retro Td","Out of stock"
"1629533045-4544","https://www.flightclub.com/air-jordans/air-jordan-2?page=2","https://cdn.flightclub.com/750/TEMPLATE/801092/1.jpg","Air Jordan 2 Retro Deconstructed 'Bo…rdeaux'","$150+"
"1629533045-4554","https://www.flightclub.com/air-jordans/air-jordan-2?page=2","https://cdn.flightclub.com/750/TEMPLATE/011483/1.jpg","Air Jordan 2 Qf Gs","$335+"
"1629533042-4521","https://www.flightclub.com/air-jordans/air-jordan-2?page=3","https://cdn.flightclub.com/placeholders/dash.png?w=360","Air Jordan 2 Retro QF BP 'Oreo'","Out of stock"
"1629533042-4502","https://www.flightclub.com/air-jordans/air-jordan-2?page=3","https://cdn.flightclub.com/750/TEMPLATE/801027/1.jpg","Just Don x Air Jordan 2 Retro TD 'Arctic O…range'","$450+"
"1629533045-4553","https://www.flightclub.com/air-jordans/air-jordan-2?page=2","https://cdn.flightclub.com/750/TEMPLATE/012399/1.jpg","Air Jordan 2 Retro BG 'Wing It'","$110+"
"1629533047-4571","https://www.flightclub.com/air-jordans/air-jordan-2?page=1","https://cdn.flightclub.com/750/TEMPLATE/012420/1.jpg","Air Jordan 2 Retro Low 'Gym Red'","$130+"
"1629533042-4496","https://www.flightclub.com/air-jordans/air-jordan-2?page=3","https://cdn.flightclub.com/placeholders/dash.png?w=360","Jordan 2.5 Team 'Bred'","$323+"
"1629533045-4535","https://www.flightclub.com/air-jordans/air-jordan-2?page=2","https://cdn.flightclub.com/750/TEMPLATE/010528/1.jpg","Air Jordan 2 Retro Low 'White Varsity …Maize'","$250+"
"1629533045-4541","https://www.flightclub.com/air-jordans/air-jordan-2?page=2","https://cdn.flightclub.com/750/TEMPLATE/010148/1.jpg","Air Jordan 2 Retro Low GS 2004","$150+"
"1629533047-4568","https://www.flightclub.com/air-jordans/air-jordan-2?page=1","https://cdn.flightclub.com/750/TEMPLATE/011906/1.jpg","Air Jordan 2 Retro 'Infrared 23'","$210+"
"1629533040-4480","https://www.flightclub.com/air-jordans/air-jordan-2?page=4","https://cdn.flightclub.com/placeholders/dash.png?w=360","Just Don x Air Jordan 2 Retro 'Arctic Ora…nge' Sample","Out of stock"
"1629533045-4530","https://www.flightclub.com/air-jordans/air-jordan-2?page=2","https://cdn.flightclub.com/750/TEMPLATE/011476/1.jpg","Wmns Air Jordan 2 Retro Low","$269+"
"1629533047-4556","https://www.flightclub.com/air-jordans/air-jordan-2?page=1","https://cdn.flightclub.com/750/TEMPLATE/011923/1.jpg","Air Jordan 2 Retro 'Chicago Home'","$200+"
"1629533045-4551","https://www.flightclub.com/air-jordans/air-jordan-2?page=2","https://cdn.flightclub.com/750/TEMPLATE/012377/1.jpg","Just Don x Air Jordan 2 Retro GS 'Beach'","$338+"
"1629533047-4567","https://www.flightclub.com/air-jordans/air-jordan-2?page=1","https://cdn.flightclub.com/placeholders/dash.png?w=360","Wmns Air Jordan 2 Retro 'Rivals'","$95+"
"1629533040-4488","https://www.flightclub.com/air-jordans/air-jordan-2?page=4","https://cdn.flightclub.com/placeholders/dash.png?w=360","Air Jordan 2 Retro Deconstructed 'Min…eral Gold' Sample","Out of stock"
"1629533045-4539","https://www.flightclub.com/air-jordans/air-jordan-2?page=2","https://cdn.flightclub.com/750/TEMPLATE/011322/1.jpg","Air Jordan 2 Retro QF 'Candy Red'","$320+"
"1629533042-4499","https://www.flightclub.com/air-jordans/air-jordan-2?page=3","https://cdn.flightclub.com/750/TEMPLATE/010509/1.jpg","Air Jordan 2 Retro Gs","$250+"
"1629533042-4508","https://www.flightclub.com/air-jordans/air-jordan-2?page=3","https://cdn.flightclub.com/placeholders/dash.png?w=360","Air Jordan 2 Retro BT 'Black Varsity Red'","$76+"
"1629533047-4583","https://www.flightclub.com/air-jordans/air-jordan-2?page=1","https://cdn.flightclub.com/750/TEMPLATE/138156/1.jpg","Air Jordan 2 Retro GS 'Black History Mon…th' 2019","$68+"
"1629533040-4485","https://www.flightclub.com/air-jordans/air-jordan-2?page=4","https://cdn.flightclub.com/750/TEMPLATE/011908/1.jpg","Jordan 2 Retro BP 'Infrared 23'","Out of stock"
"1629533047-4575","https://www.flightclub.com/air-jordans/air-jordan-2?page=1","https://cdn.flightclub.com/750/TEMPLATE/012483/1.jpg","Air Jordan 2 'Quai 54'","$195+"
"1629533047-4579","https://www.flightclub.com/air-jordans/air-jordan-2?page=1","https://cdn.flightclub.com/750/TEMPLATE/011248/1.jpg","Air Jordan 2 Retro QF 'University Blue'","$250+"
"1629533040-4482","https://www.flightclub.com/air-jordans/air-jordan-2?page=4","https://cdn.flightclub.com/750/TEMPLATE/012046/1.jpg","Air Jordan 2 Retro Low Pe 'Mike Bibby'","Out of stock"
"1629533042-4503","https://www.flightclub.com/air-jordans/air-jordan-2?page=3","https://cdn.flightclub.com/750/TEMPLATE/010823/1.jpg","Air Jordan 2 Retro Low GS","$100+"
"1629533047-4565","https://www.flightclub.com/air-jordans/air-jordan-2?page=1","https://cdn.flightclub.com/750/TEMPLATE/011218/1.jpg","Air Jordan 2 Retro QF 'Varsity Red' 2010","$175+"
"1629533040-4494","https://www.flightclub.com/air-jordans/air-jordan-2?page=4","https://cdn.flightclub.com/750/TEMPLATE/010497/1.jpg","Jordan 2 Retro Td","Out of stock"
"1629533040-4487","https://www.flightclub.com/air-jordans/air-jordan-2?page=4","https://cdn.flightclub.com/750/TEMPLATE/012027/1.jpg","Air Jordan 2 Retro Low 'Bibby'","Out of stock"
"1629533045-4555","https://www.flightclub.com/air-jordans/air-jordan-2?page=2","https://cdn.flightclub.com/placeholders/dash.png?w=360","Nu' Retro Air Jordan 2 'White Midnight Na…vy'","$349+"
"1629533047-4564","https://www.flightclub.com/air-jordans/air-jordan-2?page=1","https://cdn.flightclub.com/750/TEMPLATE/010014/1.jpg","Air Jordan 2 Retro '2004'","$599+"
"1629533042-4510","https://www.flightclub.com/air-jordans/air-jordan-2?page=3","https://cdn.flightclub.com/750/TEMPLATE/274090/1.jpg","Off-White x Air Jordan 2 Retro Low SP","Out of stock"
